rule,lam,bits,rounding,scale,n_seeds,recalled_mean,recalled_std,age50_mean,age50_std,unchanged_frac_mean
hebbian,0.9,32,,,10,25.09,0.34,19.6,0.5,0.0000
hebbian,0.9,8,nearest,static,10,25.13,0.33,19.7,0.5,0.1236
hebbian,0.9,8,nearest,dynamic,10,25.09,0.32,19.6,0.5,0.0758
hebbian,0.9,8,stochastic,static,10,25.10,0.35,19.8,0.4,0.1221
hebbian,0.9,8,stochastic,dynamic,10,25.09,0.37,19.7,0.5,0.0744
hebbian,0.9,4,nearest,static,10,45.78,2.59,40.1,2.8,0.8809
hebbian,0.9,4,nearest,dynamic,10,28.85,0.31,23.2,0.4,0.7178
hebbian,0.9,4,stochastic,static,10,24.32,0.34,18.7,0.5,0.7709
hebbian,0.9,4,stochastic,dynamic,10,24.85,0.35,19.1,0.3,0.6455
hebbian,0.97,32,,,10,67.22,0.55,60.5,1.0,0.0000
hebbian,0.97,8,nearest,static,10,67.28,0.60,60.5,1.3,0.2007
hebbian,0.97,8,nearest,dynamic,10,67.29,0.55,60.7,1.3,0.1278
hebbian,0.97,8,stochastic,static,10,67.21,0.56,60.6,1.2,0.1928
hebbian,0.97,8,stochastic,dynamic,10,67.21,0.56,60.4,1.0,0.1237
hebbian,0.97,4,nearest,static,10,152.46,4.15,138.0,4.2,0.9425
hebbian,0.97,4,nearest,dynamic,10,116.48,1.83,107.1,3.0,0.9039
hebbian,0.97,4,stochastic,static,10,60.66,0.51,52.8,1.0,0.8397
hebbian,0.97,4,stochastic,dynamic,10,60.60,0.57,52.8,0.7,0.8231
hebbian,0.99,32,,,10,160.18,1.04,148.0,2.7,0.0000
hebbian,0.99,8,nearest,static,10,165.49,1.21,153.4,2.4,0.3032
hebbian,0.99,8,nearest,dynamic,10,160.19,1.04,149.1,3.2,0.1939
hebbian,0.99,8,stochastic,static,10,159.76,1.08,147.7,2.7,0.2813
hebbian,0.99,8,stochastic,dynamic,10,159.93,1.12,147.8,2.7,0.1854
hebbian,0.99,4,nearest,static,10,209.86,11.34,131.5,38.6,0.9826
hebbian,0.99,4,nearest,dynamic,10,113.06,3.78,0.0,0.0,0.9832
hebbian,0.99,4,stochastic,static,10,115.28,0.95,101.7,2.7,0.8943
hebbian,0.99,4,stochastic,dynamic,10,83.24,0.79,70.3,3.4,0.9211
hebbian,0.999,32,,,10,459.58,1.15,512.0,0.0,0.0000
hebbian,0.999,8,nearest,static,10,461.84,1.00,512.0,0.0,0.4961
hebbian,0.999,8,nearest,dynamic,10,458.56,1.36,512.0,0.0,0.3224
hebbian,0.999,8,stochastic,static,10,452.74,1.06,512.0,0.0,0.4557
hebbian,0.999,8,stochastic,dynamic,10,456.25,1.27,512.0,0.0,0.3016
hebbian,0.999,4,nearest,static,10,23.84,3.54,0.0,0.0,0.9996
hebbian,0.999,4,nearest,dynamic,10,61.54,1.76,0.0,0.0,0.9889
hebbian,0.999,4,stochastic,static,10,93.36,3.93,0.0,0.0,0.9519
hebbian,0.999,4,stochastic,dynamic,10,30.90,0.60,0.0,0.0,0.9554
hebbian,1.0,32,,,10,479.55,1.05,512.0,0.0,0.0000
hebbian,1.0,8,nearest,static,10,474.92,1.07,512.0,0.0,0.5578
hebbian,1.0,8,nearest,dynamic,10,477.68,1.11,512.0,0.0,0.3545
hebbian,1.0,8,stochastic,static,10,469.33,1.30,512.0,0.0,0.5097
hebbian,1.0,8,stochastic,dynamic,10,475.89,1.06,512.0,0.0,0.3298
hebbian,1.0,4,nearest,static,10,13.68,1.32,0.0,0.0,0.9999
hebbian,1.0,4,nearest,dynamic,10,58.99,1.41,0.0,0.0,0.9892
hebbian,1.0,4,stochastic,static,10,69.66,2.63,0.0,0.0,0.9617
hebbian,1.0,4,stochastic,dynamic,10,29.45,0.90,0.0,0.0,0.9582
delta,0.9,32,,,10,23.61,0.27,18.1,0.3,0.0000
delta,0.9,8,nearest,static,10,23.61,0.29,18.1,0.3,0.1201
delta,0.9,8,nearest,dynamic,10,23.61,0.29,18.1,0.3,0.0736
delta,0.9,8,stochastic,static,10,23.63,0.32,18.0,0.4,0.1188
delta,0.9,8,stochastic,dynamic,10,23.63,0.27,18.1,0.3,0.0723
delta,0.9,4,nearest,static,10,39.41,1.39,33.2,1.3,0.8679
delta,0.9,4,nearest,dynamic,10,26.73,0.24,21.1,0.3,0.7046
delta,0.9,4,stochastic,static,10,22.93,0.31,17.2,0.4,0.7603
delta,0.9,4,stochastic,dynamic,10,23.48,0.35,17.9,0.3,0.6335
delta,0.97,32,,,10,54.89,0.58,48.4,0.7,0.0000
delta,0.97,8,nearest,static,10,54.81,0.60,48.8,0.6,0.1843
delta,0.97,8,nearest,dynamic,10,54.88,0.56,48.5,0.7,0.1161
delta,0.97,8,stochastic,static,10,54.92,0.56,48.8,0.7,0.1775
delta,0.97,8,stochastic,dynamic,10,54.90,0.53,48.7,0.8,0.1127
delta,0.97,4,nearest,static,10,91.17,2.13,81.3,2.5,0.9102
delta,0.97,4,nearest,dynamic,10,76.28,0.79,69.1,1.4,0.8613
delta,0.97,4,stochastic,static,10,50.53,0.62,44.1,0.5,0.8081
delta,0.97,4,stochastic,dynamic,10,50.90,0.48,44.2,0.7,0.7850
delta,0.99,32,,,10,98.32,0.64,90.4,0.8,0.0000
delta,0.99,8,nearest,static,10,99.69,0.85,91.6,0.9,0.2541
delta,0.99,8,nearest,dynamic,10,98.46,0.63,90.1,1.2,0.1560
delta,0.99,8,stochastic,static,10,98.22,0.72,89.9,1.3,0.2373
delta,0.99,8,stochastic,dynamic,10,98.27,0.74,89.7,1.3,0.1501
delta,0.99,4,nearest,static,10,131.39,1.25,118.1,2.1,0.9423
delta,0.99,4,nearest,dynamic,10,131.17,1.17,113.8,3.7,0.9448
delta,0.99,4,stochastic,static,10,77.18,1.01,67.0,1.5,0.8300
delta,0.99,4,stochastic,dynamic,10,40.03,0.75,29.6,1.0,0.8705
delta,0.999,32,,,10,153.40,0.74,138.7,2.9,0.0000
delta,0.999,8,nearest,static,10,153.73,0.92,138.7,2.8,0.3220
delta,0.999,8,nearest,dynamic,10,153.07,0.64,137.8,3.0,0.1992
delta,0.999,8,stochastic,static,10,152.59,1.02,137.9,2.8,0.3005
delta,0.999,8,stochastic,dynamic,10,153.11,0.91,138.9,3.1,0.1901
delta,0.999,4,nearest,static,10,130.52,4.77,107.6,7.5,0.9802
delta,0.999,4,nearest,dynamic,10,59.05,1.36,0.0,0.0,0.9709
delta,0.999,4,stochastic,static,10,76.14,3.09,62.3,3.7,0.8284
delta,0.999,4,stochastic,dynamic,10,2.18,0.24,0.0,0.0,0.8842
delta,1.0,32,,,10,161.83,0.97,145.8,2.1,0.0000
delta,1.0,8,nearest,static,10,161.46,0.86,145.8,2.6,0.3366
delta,1.0,8,nearest,dynamic,10,161.50,0.68,146.0,3.1,0.2063
delta,1.0,8,stochastic,static,10,160.73,0.82,145.0,2.7,0.3131
delta,1.0,8,stochastic,dynamic,10,161.12,0.83,145.1,1.9,0.1967
delta,1.0,4,nearest,static,10,118.90,9.52,93.8,11.4,0.9872
delta,1.0,4,nearest,dynamic,10,55.61,1.44,0.0,0.0,0.9725
delta,1.0,4,stochastic,static,10,70.84,3.06,55.3,3.2,0.8272
delta,1.0,4,stochastic,dynamic,10,2.27,0.30,0.0,0.0,0.8848
