rule,lam,bits,rounding,scale,seed,recalled,age50,saturated_frac,unchanged_frac
hebbian,0.9,32,,,0,25.12,20,0.0000,0.0000
hebbian,0.9,8,nearest,static,0,25.12,20,0.0000,0.1289
hebbian,0.9,8,nearest,dynamic,0,25.09,20,0.0001,0.0758
hebbian,0.9,8,stochastic,static,0,25.06,20,0.0000,0.1272
hebbian,0.9,8,stochastic,dynamic,0,25.12,20,0.0001,0.0744
hebbian,0.9,4,nearest,static,0,46.41,41,0.0000,0.8908
hebbian,0.9,4,nearest,dynamic,0,28.53,23,0.0002,0.7176
hebbian,0.9,4,stochastic,static,0,23.78,18,0.0000,0.7797
hebbian,0.9,4,stochastic,dynamic,0,24.72,19,0.0002,0.6454
hebbian,0.97,32,,,0,67.06,59,0.0000,0.0000
hebbian,0.97,8,nearest,static,0,66.88,59,0.0000,0.2099
hebbian,0.97,8,nearest,dynamic,0,66.94,59,0.0001,0.1280
hebbian,0.97,8,stochastic,static,0,66.75,59,0.0000,0.2011
hebbian,0.97,8,stochastic,dynamic,0,66.94,59,0.0001,0.1238
hebbian,0.97,4,nearest,static,0,156.47,139,0.0002,0.9493
hebbian,0.97,4,nearest,dynamic,0,116.38,106,0.0002,0.9040
hebbian,0.97,4,stochastic,static,0,60.25,52,0.0001,0.8470
hebbian,0.97,4,stochastic,dynamic,0,60.12,52,0.0002,0.8231
hebbian,0.99,32,,,0,159.84,147,0.0000,0.0000
hebbian,0.99,8,nearest,static,0,165.66,153,0.0000,0.3067
hebbian,0.99,8,nearest,dynamic,0,159.81,147,0.0001,0.1943
hebbian,0.99,8,stochastic,static,0,159.19,147,0.0000,0.2845
hebbian,0.99,8,stochastic,dynamic,0,160.00,147,0.0001,0.1856
hebbian,0.99,4,nearest,static,0,205.03,156,0.0008,0.9835
hebbian,0.99,4,nearest,dynamic,0,109.34,0,0.0002,0.9832
hebbian,0.99,4,stochastic,static,0,115.56,100,0.0029,0.8958
hebbian,0.99,4,stochastic,dynamic,0,83.91,71,0.0002,0.9210
hebbian,0.999,32,,,0,458.16,512,0.0000,0.0000
hebbian,0.999,8,nearest,static,0,460.88,512,0.0000,0.4785
hebbian,0.999,8,nearest,dynamic,0,457.50,512,0.0001,0.3232
hebbian,0.999,8,stochastic,static,0,452.16,512,0.0000,0.4401
hebbian,0.999,8,stochastic,dynamic,0,454.59,512,0.0001,0.3026
hebbian,0.999,4,nearest,static,0,29.81,0,0.0000,0.9994
hebbian,0.999,4,nearest,dynamic,0,61.69,0,0.0002,0.9887
hebbian,0.999,4,stochastic,static,0,99.41,0,0.0296,0.9488
hebbian,0.999,4,stochastic,dynamic,0,31.59,0,0.0002,0.9552
hebbian,1.0,32,,,0,479.34,512,0.0000,0.0000
hebbian,1.0,8,nearest,static,0,475.03,512,0.0000,0.5395
hebbian,1.0,8,nearest,dynamic,0,476.44,512,0.0001,0.3558
hebbian,1.0,8,stochastic,static,0,470.00,512,0.0000,0.4937
hebbian,1.0,8,stochastic,dynamic,0,475.19,512,0.0001,0.3315
hebbian,1.0,4,nearest,static,0,16.34,0,0.0000,0.9999
hebbian,1.0,4,nearest,dynamic,0,58.34,0,0.0002,0.9891
hebbian,1.0,4,stochastic,static,0,75.31,0,0.0390,0.9592
hebbian,1.0,4,stochastic,dynamic,0,29.78,0,0.0002,0.9580
delta,0.9,32,,,0,23.41,18,0.0000,0.0000
delta,0.9,8,nearest,static,0,23.31,18,0.0000,0.1242
delta,0.9,8,nearest,dynamic,0,23.44,18,0.0001,0.0736
delta,0.9,8,stochastic,static,0,23.38,18,0.0000,0.1227
delta,0.9,8,stochastic,dynamic,0,23.38,18,0.0001,0.0723
delta,0.9,4,nearest,static,0,40.19,34,0.0000,0.8757
delta,0.9,4,nearest,dynamic,0,26.59,21,0.0002,0.7042
delta,0.9,4,stochastic,static,0,22.66,17,0.0000,0.7671
delta,0.9,4,stochastic,dynamic,0,23.12,17,0.0002,0.6330
delta,0.97,32,,,0,54.31,48,0.0000,0.0000
delta,0.97,8,nearest,static,0,54.06,48,0.0000,0.2009
delta,0.97,8,nearest,dynamic,0,54.12,48,0.0001,0.1161
delta,0.97,8,stochastic,static,0,54.09,48,0.0000,0.1925
delta,0.97,8,stochastic,dynamic,0,54.31,48,0.0001,0.1128
delta,0.97,4,nearest,static,0,95.31,87,0.0000,0.9255
delta,0.97,4,nearest,dynamic,0,77.47,71,0.0002,0.8614
delta,0.97,4,stochastic,static,0,49.59,43,0.0000,0.8223
delta,0.97,4,stochastic,dynamic,0,50.72,44,0.0002,0.7851
delta,0.99,32,,,0,98.25,92,0.0000,0.0000
delta,0.99,8,nearest,static,0,100.16,93,0.0000,0.2571
delta,0.99,8,nearest,dynamic,0,98.56,91,0.0001,0.1555
delta,0.99,8,stochastic,static,0,97.78,90,0.0000,0.2400
delta,0.99,8,stochastic,dynamic,0,97.75,90,0.0001,0.1495
delta,0.99,4,nearest,static,0,130.34,115,0.0003,0.9444
delta,0.99,4,nearest,dynamic,0,130.50,109,0.0002,0.9449
delta,0.99,4,stochastic,static,0,76.19,65,0.0024,0.8318
delta,0.99,4,stochastic,dynamic,0,39.94,31,0.0002,0.8702
delta,0.999,32,,,0,153.44,135,0.0000,0.0000
delta,0.999,8,nearest,static,0,153.38,135,0.0000,0.3178
delta,0.999,8,nearest,dynamic,0,153.44,134,0.0001,0.1991
delta,0.999,8,stochastic,static,0,152.56,136,0.0000,0.2969
delta,0.999,8,stochastic,dynamic,0,153.44,135,0.0001,0.1898
delta,0.999,4,nearest,static,0,132.56,109,0.0001,0.9787
delta,0.999,4,nearest,dynamic,0,57.56,0,0.0001,0.9706
delta,0.999,4,stochastic,static,0,77.34,65,0.0211,0.8275
delta,0.999,4,stochastic,dynamic,0,2.44,0,0.0002,0.8844
delta,1.0,32,,,0,161.78,148,0.0000,0.0000
delta,1.0,8,nearest,static,0,162.19,147,0.0000,0.3279
delta,1.0,8,nearest,dynamic,0,161.62,146,0.0001,0.2065
delta,1.0,8,stochastic,static,0,160.31,146,0.0000,0.3054
delta,1.0,8,stochastic,dynamic,0,161.38,145,0.0001,0.1966
delta,1.0,4,nearest,static,0,123.66,103,0.0000,0.9846
delta,1.0,4,nearest,dynamic,0,56.78,0,0.0001,0.9726
delta,1.0,4,stochastic,static,0,73.31,58,0.0265,0.8257
delta,1.0,4,stochastic,dynamic,0,2.03,0,0.0002,0.8847
hebbian,0.9,32,,,1,25.50,20,0.0000,0.0000
hebbian,0.9,8,nearest,static,1,25.59,20,0.0000,0.1419
hebbian,0.9,8,nearest,dynamic,1,25.44,20,0.0001,0.0758
hebbian,0.9,8,stochastic,static,1,25.38,20,0.0000,0.1398
hebbian,0.9,8,stochastic,dynamic,1,25.50,20,0.0001,0.0744
hebbian,0.9,4,nearest,static,1,51.06,46,0.0000,0.9108
hebbian,0.9,4,nearest,dynamic,1,28.66,23,0.0002,0.7173
hebbian,0.9,4,stochastic,static,1,24.66,19,0.0000,0.7977
hebbian,0.9,4,stochastic,dynamic,1,25.38,20,0.0002,0.6455
hebbian,0.97,32,,,1,67.66,61,0.0000,0.0000
hebbian,0.97,8,nearest,static,1,67.84,61,0.0000,0.1954
hebbian,0.97,8,nearest,dynamic,1,67.62,61,0.0001,0.1276
hebbian,0.97,8,stochastic,static,1,67.62,61,0.0000,0.1881
hebbian,0.97,8,stochastic,dynamic,1,67.56,60,0.0001,0.1235
hebbian,0.97,4,nearest,static,1,150.00,134,0.0003,0.9388
hebbian,0.97,4,nearest,dynamic,1,115.03,107,0.0002,0.9038
hebbian,0.97,4,stochastic,static,1,61.28,53,0.0001,0.8357
hebbian,0.97,4,stochastic,dynamic,1,61.25,53,0.0002,0.8234
hebbian,0.99,32,,,1,159.38,144,0.0000,0.0000
hebbian,0.99,8,nearest,static,1,164.41,153,0.0000,0.2941
hebbian,0.99,8,nearest,dynamic,1,159.34,153,0.0001,0.1926
hebbian,0.99,8,stochastic,static,1,158.56,144,0.0000,0.2733
hebbian,0.99,8,stochastic,dynamic,1,159.00,144,0.0001,0.1846
hebbian,0.99,4,nearest,static,1,223.34,166,0.0015,0.9800
hebbian,0.99,4,nearest,dynamic,1,110.78,0,0.0002,0.9835
hebbian,0.99,4,stochastic,static,1,115.16,102,0.0035,0.8902
hebbian,0.99,4,stochastic,dynamic,1,82.62,71,0.0002,0.9213
hebbian,0.999,32,,,1,459.91,512,0.0000,0.0000
hebbian,0.999,8,nearest,static,1,462.09,512,0.0000,0.4961
hebbian,0.999,8,nearest,dynamic,1,458.44,512,0.0001,0.3206
hebbian,0.999,8,stochastic,static,1,453.53,512,0.0000,0.4558
hebbian,0.999,8,stochastic,dynamic,1,456.91,512,0.0001,0.3009
hebbian,0.999,4,nearest,static,1,22.50,0,0.0000,0.9997
hebbian,0.999,4,nearest,dynamic,1,62.97,0,0.0002,0.9888
hebbian,0.999,4,stochastic,static,1,91.38,0,0.0263,0.9521
hebbian,0.999,4,stochastic,dynamic,1,31.75,0,0.0002,0.9553
hebbian,1.0,32,,,1,478.59,512,0.0000,0.0000
hebbian,1.0,8,nearest,static,1,473.34,512,0.0000,0.5522
hebbian,1.0,8,nearest,dynamic,1,477.03,512,0.0001,0.3524
hebbian,1.0,8,stochastic,static,1,470.16,512,0.0000,0.5050
hebbian,1.0,8,stochastic,dynamic,1,474.56,512,0.0001,0.3287
hebbian,1.0,4,nearest,static,1,13.72,0,0.0000,0.9999
hebbian,1.0,4,nearest,dynamic,1,60.50,0,0.0002,0.9890
hebbian,1.0,4,stochastic,static,1,72.88,0,0.0366,0.9610
hebbian,1.0,4,stochastic,dynamic,1,29.34,0,0.0002,0.9582
delta,0.9,32,,,1,24.06,19,0.0000,0.0000
delta,0.9,8,nearest,static,1,24.06,19,0.0000,0.1258
delta,0.9,8,nearest,dynamic,1,24.06,19,0.0001,0.0735
delta,0.9,8,stochastic,static,1,24.22,19,0.0000,0.1242
delta,0.9,8,stochastic,dynamic,1,24.09,19,0.0001,0.0722
delta,0.9,4,nearest,static,1,40.97,34,0.0000,0.8790
delta,0.9,4,nearest,dynamic,1,27.22,22,0.0002,0.7045
delta,0.9,4,stochastic,static,1,23.47,17,0.0000,0.7699
delta,0.9,4,stochastic,dynamic,1,24.12,18,0.0002,0.6338
delta,0.97,32,,,1,55.41,48,0.0000,0.0000
delta,0.97,8,nearest,static,1,55.44,49,0.0000,0.1818
delta,0.97,8,nearest,dynamic,1,55.28,48,0.0001,0.1157
delta,0.97,8,stochastic,static,1,55.38,49,0.0000,0.1752
delta,0.97,8,stochastic,dynamic,1,55.28,48,0.0001,0.1125
delta,0.97,4,nearest,static,1,89.56,82,0.0001,0.9081
delta,0.97,4,nearest,dynamic,1,76.19,68,0.0002,0.8611
delta,0.97,4,stochastic,static,1,51.22,45,0.0001,0.8061
delta,0.97,4,stochastic,dynamic,1,51.47,45,0.0002,0.7852
delta,0.99,32,,,1,98.16,90,0.0000,0.0000
delta,0.99,8,nearest,static,1,99.06,90,0.0000,0.2510
delta,0.99,8,nearest,dynamic,1,98.00,90,0.0001,0.1555
delta,0.99,8,stochastic,static,1,98.09,90,0.0000,0.2345
delta,0.99,8,stochastic,dynamic,1,98.03,90,0.0001,0.1496
delta,0.99,4,nearest,static,1,129.97,122,0.0004,0.9405
delta,0.99,4,nearest,dynamic,1,130.94,121,0.0002,0.9444
delta,0.99,4,stochastic,static,1,77.38,69,0.0027,0.8283
delta,0.99,4,stochastic,dynamic,1,39.31,29,0.0002,0.8707
delta,0.999,32,,,1,153.53,140,0.0000,0.0000
delta,0.999,8,nearest,static,1,154.31,141,0.0000,0.3169
delta,0.999,8,nearest,dynamic,1,152.94,136,0.0001,0.1981
delta,0.999,8,stochastic,static,1,152.84,138,0.0000,0.2960
delta,0.999,8,stochastic,dynamic,1,153.41,140,0.0001,0.1891
delta,0.999,4,nearest,static,1,131.84,104,0.0001,0.9786
delta,0.999,4,nearest,dynamic,1,59.62,0,0.0002,0.9707
delta,0.999,4,stochastic,static,1,78.28,64,0.0211,0.8275
delta,0.999,4,stochastic,dynamic,1,2.12,0,0.0002,0.8843
delta,1.0,32,,,1,162.47,144,0.0000,0.0000
delta,1.0,8,nearest,static,1,161.50,144,0.0000,0.3336
delta,1.0,8,nearest,dynamic,1,161.78,146,0.0001,0.2055
delta,1.0,8,stochastic,static,1,160.53,146,0.0000,0.3105
delta,1.0,8,stochastic,dynamic,1,161.19,144,0.0001,0.1958
delta,1.0,4,nearest,static,1,119.69,94,0.0000,0.9868
delta,1.0,4,nearest,dynamic,1,54.97,0,0.0001,0.9720
delta,1.0,4,stochastic,static,1,71.91,58,0.0262,0.8267
delta,1.0,4,stochastic,dynamic,1,2.44,0,0.0002,0.8849
hebbian,0.9,32,,,2,24.44,19,0.0000,0.0000
hebbian,0.9,8,nearest,static,2,24.59,20,0.0000,0.1386
hebbian,0.9,8,nearest,dynamic,2,24.47,19,0.0001,0.0761
hebbian,0.9,8,stochastic,static,2,24.47,20,0.0000,0.1366
hebbian,0.9,8,stochastic,dynamic,2,24.44,19,0.0001,0.0747
hebbian,0.9,4,nearest,static,2,49.66,44,0.0000,0.9053
hebbian,0.9,4,nearest,dynamic,2,29.25,24,0.0002,0.7173
hebbian,0.9,4,stochastic,static,2,23.88,19,0.0000,0.7928
hebbian,0.9,4,stochastic,dynamic,2,24.19,19,0.0002,0.6453
hebbian,0.97,32,,,2,67.03,61,0.0000,0.0000
hebbian,0.97,8,nearest,static,2,67.12,61,0.0000,0.1960
hebbian,0.97,8,nearest,dynamic,2,67.06,61,0.0001,0.1289
hebbian,0.97,8,stochastic,static,2,67.06,61,0.0000,0.1886
hebbian,0.97,8,stochastic,dynamic,2,66.94,61,0.0001,0.1249
hebbian,0.97,4,nearest,static,2,147.09,132,0.0003,0.9381
hebbian,0.97,4,nearest,dynamic,2,114.22,108,0.0002,0.9041
hebbian,0.97,4,stochastic,static,2,60.59,53,0.0001,0.8351
hebbian,0.97,4,stochastic,dynamic,2,59.62,52,0.0002,0.8232
hebbian,0.99,32,,,2,157.88,148,0.0000,0.0000
hebbian,0.99,8,nearest,static,2,163.00,150,0.0000,0.3011
hebbian,0.99,8,nearest,dynamic,2,157.94,147,0.0001,0.1959
hebbian,0.99,8,stochastic,static,2,157.50,146,0.0000,0.2792
hebbian,0.99,8,stochastic,dynamic,2,157.59,146,0.0001,0.1872
hebbian,0.99,4,nearest,static,2,214.88,143,0.0012,0.9816
hebbian,0.99,4,nearest,dynamic,2,111.09,0,0.0002,0.9832
hebbian,0.99,4,stochastic,static,2,114.66,102,0.0032,0.8926
hebbian,0.99,4,stochastic,dynamic,2,82.84,68,0.0002,0.9208
hebbian,0.999,32,,,2,459.53,512,0.0000,0.0000
hebbian,0.999,8,nearest,static,2,461.75,512,0.0000,0.5218
hebbian,0.999,8,nearest,dynamic,2,457.97,512,0.0001,0.3240
hebbian,0.999,8,stochastic,static,2,450.84,512,0.0000,0.4783
hebbian,0.999,8,stochastic,dynamic,2,455.66,512,0.0001,0.3031
hebbian,0.999,4,nearest,static,2,18.31,0,0.0000,0.9998
hebbian,0.999,4,nearest,dynamic,2,60.69,0,0.0002,0.9888
hebbian,0.999,4,stochastic,static,2,85.16,0,0.0225,0.9560
hebbian,0.999,4,stochastic,dynamic,2,31.09,0,0.0002,0.9553
hebbian,1.0,32,,,2,479.25,512,0.0000,0.0000
hebbian,1.0,8,nearest,static,2,474.97,512,0.0000,0.5749
hebbian,1.0,8,nearest,dynamic,2,477.00,512,0.0001,0.3557
hebbian,1.0,8,stochastic,static,2,466.69,512,0.0000,0.5247
hebbian,1.0,8,stochastic,dynamic,2,475.28,512,0.0001,0.3308
hebbian,1.0,4,nearest,static,2,12.31,0,0.0000,1.0000
hebbian,1.0,4,nearest,dynamic,2,58.47,0,0.0002,0.9891
hebbian,1.0,4,stochastic,static,2,66.31,0,0.0325,0.9638
hebbian,1.0,4,stochastic,dynamic,2,28.78,0,0.0002,0.9580
delta,0.9,32,,,2,23.34,18,0.0000,0.0000
delta,0.9,8,nearest,static,2,23.38,18,0.0000,0.1325
delta,0.9,8,nearest,dynamic,2,23.38,18,0.0001,0.0737
delta,0.9,8,stochastic,static,2,23.31,18,0.0000,0.1307
delta,0.9,8,stochastic,dynamic,2,23.41,18,0.0001,0.0724
delta,0.9,4,nearest,static,2,41.59,36,0.0000,0.8892
delta,0.9,4,nearest,dynamic,2,26.75,21,0.0002,0.7041
delta,0.9,4,stochastic,static,2,22.75,17,0.0000,0.7790
delta,0.9,4,stochastic,dynamic,2,23.09,18,0.0002,0.6332
delta,0.97,32,,,2,54.38,48,0.0000,0.0000
delta,0.97,8,nearest,static,2,54.44,49,0.0000,0.1827
delta,0.97,8,nearest,dynamic,2,54.34,48,0.0001,0.1163
delta,0.97,8,stochastic,static,2,54.59,49,0.0000,0.1760
delta,0.97,8,stochastic,dynamic,2,54.50,49,0.0001,0.1128
delta,0.97,4,nearest,static,2,88.41,78,0.0001,0.9085
delta,0.97,4,nearest,dynamic,2,76.69,68,0.0002,0.8610
delta,0.97,4,stochastic,static,2,49.41,44,0.0001,0.8065
delta,0.97,4,stochastic,dynamic,2,50.50,44,0.0002,0.7851
delta,0.99,32,,,2,96.69,90,0.0000,0.0000
delta,0.99,8,nearest,static,2,97.94,91,0.0000,0.2516
delta,0.99,8,nearest,dynamic,2,97.00,90,0.0001,0.1557
delta,0.99,8,stochastic,static,2,96.62,90,0.0000,0.2350
delta,0.99,8,stochastic,dynamic,2,96.62,90,0.0001,0.1501
delta,0.99,4,nearest,static,2,129.94,117,0.0004,0.9406
delta,0.99,4,nearest,dynamic,2,129.97,111,0.0002,0.9445
delta,0.99,4,stochastic,static,2,77.47,67,0.0027,0.8286
delta,0.99,4,stochastic,dynamic,2,39.53,29,0.0002,0.8701
delta,0.999,32,,,2,151.44,139,0.0000,0.0000
delta,0.999,8,nearest,static,2,151.62,139,0.0000,0.3082
delta,0.999,8,nearest,dynamic,2,151.72,138,0.0001,0.1996
delta,0.999,8,stochastic,static,2,150.19,137,0.0000,0.2881
delta,0.999,8,stochastic,dynamic,2,150.69,137,0.0001,0.1907
delta,0.999,4,nearest,static,2,133.78,110,0.0001,0.9744
delta,0.999,4,nearest,dynamic,2,58.97,0,0.0002,0.9708
delta,0.999,4,stochastic,static,2,78.38,67,0.0217,0.8250
delta,0.999,4,stochastic,dynamic,2,2.59,0,0.0002,0.8843
delta,1.0,32,,,2,159.34,142,0.0000,0.0000
delta,1.0,8,nearest,static,2,159.66,142,0.0000,0.3235
delta,1.0,8,nearest,dynamic,2,159.75,142,0.0001,0.2063
delta,1.0,8,stochastic,static,2,159.41,140,0.0000,0.3014
delta,1.0,8,stochastic,dynamic,2,159.59,142,0.0001,0.1967
delta,1.0,4,nearest,static,2,127.88,98,0.0000,0.9831
delta,1.0,4,nearest,dynamic,2,57.19,0,0.0001,0.9725
delta,1.0,4,stochastic,static,2,73.34,61,0.0269,0.8245
delta,1.0,4,stochastic,dynamic,2,2.16,0,0.0002,0.8850
hebbian,0.9,32,,,3,25.00,19,0.0000,0.0000
hebbian,0.9,8,nearest,static,3,24.94,19,0.0000,0.1216
hebbian,0.9,8,nearest,dynamic,3,25.03,19,0.0001,0.0758
hebbian,0.9,8,stochastic,static,3,24.97,20,0.0000,0.1202
hebbian,0.9,8,stochastic,dynamic,3,24.97,20,0.0001,0.0744
hebbian,0.9,4,nearest,static,3,45.81,40,0.0000,0.8791
hebbian,0.9,4,nearest,dynamic,3,29.09,23,0.0002,0.7186
hebbian,0.9,4,stochastic,static,3,24.28,19,0.0000,0.7690
hebbian,0.9,4,stochastic,dynamic,3,24.50,19,0.0002,0.6461
hebbian,0.97,32,,,3,67.38,62,0.0000,0.0000
hebbian,0.97,8,nearest,static,3,67.56,62,0.0000,0.2081
hebbian,0.97,8,nearest,dynamic,3,67.69,62,0.0001,0.1272
hebbian,0.97,8,stochastic,static,3,67.59,62,0.0000,0.1996
hebbian,0.97,8,stochastic,dynamic,3,67.66,62,0.0001,0.1233
hebbian,0.97,4,nearest,static,3,157.25,146,0.0002,0.9487
hebbian,0.97,4,nearest,dynamic,3,117.75,111,0.0002,0.9038
hebbian,0.97,4,stochastic,static,3,60.03,52,0.0001,0.8462
hebbian,0.97,4,stochastic,dynamic,3,60.75,53,0.0002,0.8230
hebbian,0.99,32,,,3,160.66,148,0.0000,0.0000
hebbian,0.99,8,nearest,static,3,166.09,154,0.0000,0.3064
hebbian,0.99,8,nearest,dynamic,3,160.62,148,0.0001,0.1932
hebbian,0.99,8,stochastic,static,3,160.91,148,0.0000,0.2843
hebbian,0.99,8,stochastic,dynamic,3,160.53,148,0.0001,0.1846
hebbian,0.99,4,nearest,static,3,204.44,100,0.0009,0.9838
hebbian,0.99,4,nearest,dynamic,3,114.19,0,0.0002,0.9832
hebbian,0.99,4,stochastic,static,3,114.97,102,0.0028,0.8963
hebbian,0.99,4,stochastic,dynamic,3,82.97,73,0.0002,0.9213
hebbian,0.999,32,,,3,460.94,512,0.0000,0.0000
hebbian,0.999,8,nearest,static,3,462.59,512,0.0000,0.4997
hebbian,0.999,8,nearest,dynamic,3,460.19,512,0.0001,0.3248
hebbian,0.999,8,stochastic,static,3,454.50,512,0.0000,0.4589
hebbian,0.999,8,stochastic,dynamic,3,457.62,512,0.0001,0.3028
hebbian,0.999,4,nearest,static,3,22.09,0,0.0000,0.9997
hebbian,0.999,4,nearest,dynamic,3,59.41,0,0.0002,0.9891
hebbian,0.999,4,stochastic,static,3,94.19,0,0.0259,0.9527
hebbian,0.999,4,stochastic,dynamic,3,30.12,0,0.0002,0.9555
hebbian,1.0,32,,,3,480.50,512,0.0000,0.0000
hebbian,1.0,8,nearest,static,3,476.09,512,0.0000,0.5573
hebbian,1.0,8,nearest,dynamic,3,477.88,512,0.0001,0.3567
hebbian,1.0,8,stochastic,static,3,470.41,512,0.0000,0.5092
hebbian,1.0,8,stochastic,dynamic,3,477.44,512,0.0001,0.3317
hebbian,1.0,4,nearest,static,3,12.66,0,0.0000,0.9999
hebbian,1.0,4,nearest,dynamic,3,58.38,0,0.0002,0.9893
hebbian,1.0,4,stochastic,static,3,71.06,0,0.0357,0.9617
hebbian,1.0,4,stochastic,dynamic,3,28.12,0,0.0002,0.9584
delta,0.9,32,,,3,23.69,18,0.0000,0.0000
delta,0.9,8,nearest,static,3,23.66,18,0.0000,0.1206
delta,0.9,8,nearest,dynamic,3,23.62,18,0.0001,0.0738
delta,0.9,8,stochastic,static,3,23.59,18,0.0000,0.1192
delta,0.9,8,stochastic,dynamic,3,23.56,18,0.0001,0.0725
delta,0.9,4,nearest,static,3,39.94,33,0.0000,0.8698
delta,0.9,4,nearest,dynamic,3,26.59,21,0.0002,0.7053
delta,0.9,4,stochastic,static,3,22.72,17,0.0000,0.7619
delta,0.9,4,stochastic,dynamic,3,23.66,18,0.0002,0.6340
delta,0.97,32,,,3,54.78,48,0.0000,0.0000
delta,0.97,8,nearest,static,3,54.88,49,0.0000,0.1843
delta,0.97,8,nearest,dynamic,3,54.78,48,0.0001,0.1159
delta,0.97,8,stochastic,static,3,54.75,48,0.0000,0.1775
delta,0.97,8,stochastic,dynamic,3,54.59,48,0.0001,0.1125
delta,0.97,4,nearest,static,3,92.00,81,0.0001,0.9107
delta,0.97,4,nearest,dynamic,3,76.69,70,0.0002,0.8622
delta,0.97,4,stochastic,static,3,50.34,44,0.0001,0.8084
delta,0.97,4,stochastic,dynamic,3,50.69,43,0.0002,0.7856
delta,0.99,32,,,3,99.09,90,0.0000,0.0000
delta,0.99,8,nearest,static,3,100.22,92,0.0000,0.2474
delta,0.99,8,nearest,dynamic,3,99.12,90,0.0001,0.1556
delta,0.99,8,stochastic,static,3,99.41,90,0.0000,0.2312
delta,0.99,8,stochastic,dynamic,3,99.44,90,0.0001,0.1501
delta,0.99,4,nearest,static,3,132.16,117,0.0005,0.9377
delta,0.99,4,nearest,dynamic,3,131.84,116,0.0002,0.9447
delta,0.99,4,stochastic,static,3,78.56,69,0.0028,0.8261
delta,0.99,4,stochastic,dynamic,3,39.34,28,0.0002,0.8705
delta,0.999,32,,,3,153.81,143,0.0000,0.0000
delta,0.999,8,nearest,static,3,154.03,142,0.0000,0.3093
delta,0.999,8,nearest,dynamic,3,153.66,143,0.0001,0.1998
delta,0.999,8,stochastic,static,3,153.34,143,0.0000,0.2891
delta,0.999,8,stochastic,dynamic,3,153.41,143,0.0001,0.1908
delta,0.999,4,nearest,static,3,138.19,117,0.0001,0.9747
delta,0.999,4,nearest,dynamic,3,58.34,0,0.0001,0.9710
delta,0.999,4,stochastic,static,3,79.50,67,0.0215,0.8253
delta,0.999,4,stochastic,dynamic,3,1.75,0,0.0002,0.8842
delta,1.0,32,,,3,161.75,146,0.0000,0.0000
delta,1.0,8,nearest,static,3,162.06,145,0.0000,0.3241
delta,1.0,8,nearest,dynamic,3,161.59,149,0.0001,0.2072
delta,1.0,8,stochastic,static,3,161.31,146,0.0000,0.3021
delta,1.0,8,stochastic,dynamic,3,161.88,146,0.0001,0.1976
delta,1.0,4,nearest,static,3,132.66,111,0.0000,0.9832
delta,1.0,4,nearest,dynamic,3,52.94,0,0.0001,0.9724
delta,1.0,4,stochastic,static,3,73.09,57,0.0266,0.8247
delta,1.0,4,stochastic,dynamic,3,1.78,0,0.0002,0.8850
hebbian,0.9,32,,,4,24.84,20,0.0000,0.0000
hebbian,0.9,8,nearest,static,4,24.84,20,0.0000,0.1190
hebbian,0.9,8,nearest,dynamic,4,24.88,20,0.0001,0.0755
hebbian,0.9,8,stochastic,static,4,24.88,20,0.0000,0.1177
hebbian,0.9,8,stochastic,dynamic,4,24.91,20,0.0001,0.0741
hebbian,0.9,4,nearest,static,4,45.09,38,0.0000,0.8740
hebbian,0.9,4,nearest,dynamic,4,28.75,23,0.0002,0.7175
hebbian,0.9,4,stochastic,static,4,24.31,19,0.0000,0.7646
hebbian,0.9,4,stochastic,dynamic,4,24.72,19,0.0002,0.6451
hebbian,0.97,32,,,4,68.50,61,0.0000,0.0000
hebbian,0.97,8,nearest,static,4,68.44,61,0.0000,0.2051
hebbian,0.97,8,nearest,dynamic,4,68.34,62,0.0001,0.1269
hebbian,0.97,8,stochastic,static,4,68.34,61,0.0000,0.1969
hebbian,0.97,8,stochastic,dynamic,4,68.28,61,0.0001,0.1230
hebbian,0.97,4,nearest,static,4,154.84,139,0.0002,0.9466
hebbian,0.97,4,nearest,dynamic,4,116.66,106,0.0002,0.9045
hebbian,0.97,4,stochastic,static,4,61.88,55,0.0001,0.8440
hebbian,0.97,4,stochastic,dynamic,4,61.19,54,0.0002,0.8230
hebbian,0.99,32,,,4,159.56,148,0.0000,0.0000
hebbian,0.99,8,nearest,static,4,164.28,150,0.0000,0.2968
hebbian,0.99,8,nearest,dynamic,4,159.38,148,0.0001,0.1931
hebbian,0.99,8,stochastic,static,4,159.53,148,0.0000,0.2758
hebbian,0.99,8,stochastic,dynamic,4,159.12,148,0.0001,0.1850
hebbian,0.99,4,nearest,static,4,219.97,151,0.0013,0.9811
hebbian,0.99,4,nearest,dynamic,4,113.50,0,0.0002,0.9831
hebbian,0.99,4,stochastic,static,4,115.81,97,0.0033,0.8918
hebbian,0.99,4,stochastic,dynamic,4,84.69,77,0.0002,0.9211
hebbian,0.999,32,,,4,459.59,512,0.0000,0.0000
hebbian,0.999,8,nearest,static,4,461.25,512,0.0000,0.4970
hebbian,0.999,8,nearest,dynamic,4,458.41,512,0.0001,0.3209
hebbian,0.999,8,stochastic,static,4,451.81,512,0.0000,0.4561
hebbian,0.999,8,stochastic,dynamic,4,456.47,512,0.0001,0.2995
hebbian,0.999,4,nearest,static,4,21.16,0,0.0000,0.9997
hebbian,0.999,4,nearest,dynamic,4,61.56,0,0.0002,0.9889
hebbian,0.999,4,stochastic,static,4,92.84,0,0.0264,0.9521
hebbian,0.999,4,stochastic,dynamic,4,30.91,0,0.0002,0.9556
hebbian,1.0,32,,,4,479.38,512,0.0000,0.0000
hebbian,1.0,8,nearest,static,4,475.22,512,0.0000,0.5571
hebbian,1.0,8,nearest,dynamic,4,478.59,512,0.0001,0.3533
hebbian,1.0,8,stochastic,static,4,470.44,512,0.0000,0.5086
hebbian,1.0,8,stochastic,dynamic,4,476.41,512,0.0001,0.3280
hebbian,1.0,4,nearest,static,4,12.31,0,0.0000,0.9999
hebbian,1.0,4,nearest,dynamic,4,57.38,0,0.0002,0.9893
hebbian,1.0,4,stochastic,static,4,69.75,0,0.0357,0.9616
hebbian,1.0,4,stochastic,dynamic,4,30.72,0,0.0002,0.9584
delta,0.9,32,,,4,23.41,18,0.0000,0.0000
delta,0.9,8,nearest,static,4,23.62,18,0.0000,0.1177
delta,0.9,8,nearest,dynamic,4,23.47,18,0.0001,0.0735
delta,0.9,8,stochastic,static,4,23.59,18,0.0000,0.1164
delta,0.9,8,stochastic,dynamic,4,23.56,18,0.0001,0.0722
delta,0.9,4,nearest,static,4,38.91,32,0.0000,0.8641
delta,0.9,4,nearest,dynamic,4,26.94,21,0.0002,0.7045
delta,0.9,4,stochastic,static,4,22.97,18,0.0000,0.7569
delta,0.9,4,stochastic,dynamic,4,23.25,18,0.0002,0.6329
delta,0.97,32,,,4,55.78,50,0.0000,0.0000
delta,0.97,8,nearest,static,4,55.56,50,0.0000,0.1907
delta,0.97,8,nearest,dynamic,4,55.78,50,0.0001,0.1161
delta,0.97,8,stochastic,static,4,55.75,50,0.0000,0.1833
delta,0.97,8,stochastic,dynamic,4,55.56,50,0.0001,0.1128
delta,0.97,4,nearest,static,4,93.38,83,0.0000,0.9166
delta,0.97,4,nearest,dynamic,4,77.31,70,0.0002,0.8606
delta,0.97,4,stochastic,static,4,51.38,44,0.0001,0.8139
delta,0.97,4,stochastic,dynamic,4,51.94,45,0.0002,0.7848
delta,0.99,32,,,4,98.22,89,0.0000,0.0000
delta,0.99,8,nearest,static,4,99.41,92,0.0000,0.2626
delta,0.99,8,nearest,dynamic,4,98.41,89,0.0001,0.1566
delta,0.99,8,stochastic,static,4,98.12,89,0.0000,0.2450
delta,0.99,8,stochastic,dynamic,4,98.31,89,0.0001,0.1506
delta,0.99,4,nearest,static,4,132.47,120,0.0003,0.9480
delta,0.99,4,nearest,dynamic,4,131.72,118,0.0002,0.9453
delta,0.99,4,stochastic,static,4,76.31,65,0.0022,0.8348
delta,0.99,4,stochastic,dynamic,4,41.41,31,0.0002,0.8706
delta,0.999,32,,,4,153.38,140,0.0000,0.0000
delta,0.999,8,nearest,static,4,153.09,137,0.0000,0.3391
delta,0.999,8,nearest,dynamic,4,153.06,140,0.0001,0.1996
delta,0.999,8,stochastic,static,4,151.69,140,0.0000,0.3160
delta,0.999,8,stochastic,dynamic,4,152.72,141,0.0001,0.1905
delta,0.999,4,nearest,static,4,124.28,93,0.0000,0.9867
delta,0.999,4,nearest,dynamic,4,59.97,0,0.0002,0.9707
delta,0.999,4,stochastic,static,4,72.22,58,0.0197,0.8325
delta,0.999,4,stochastic,dynamic,4,2.31,0,0.0002,0.8839
delta,1.0,32,,,4,161.34,146,0.0000,0.0000
delta,1.0,8,nearest,static,4,161.12,146,0.0000,0.3550
delta,1.0,8,nearest,dynamic,4,161.19,146,0.0001,0.2068
delta,1.0,8,stochastic,static,4,159.88,145,0.0000,0.3296
delta,1.0,8,stochastic,dynamic,4,160.41,146,0.0001,0.1971
delta,1.0,4,nearest,static,4,104.91,77,0.0000,0.9926
delta,1.0,4,nearest,dynamic,4,54.91,0,0.0002,0.9723
delta,1.0,4,stochastic,static,4,67.12,54,0.0249,0.8306
delta,1.0,4,stochastic,dynamic,4,2.72,0,0.0002,0.8846
hebbian,0.9,32,,,5,24.91,19,0.0000,0.0000
hebbian,0.9,8,nearest,static,5,24.94,19,0.0000,0.1236
hebbian,0.9,8,nearest,dynamic,5,24.94,19,0.0001,0.0764
hebbian,0.9,8,stochastic,static,5,24.94,19,0.0000,0.1221
hebbian,0.9,8,stochastic,dynamic,5,24.91,19,0.0001,0.0750
hebbian,0.9,4,nearest,static,5,44.84,39,0.0000,0.8816
hebbian,0.9,4,nearest,dynamic,5,29.28,24,0.0002,0.7185
hebbian,0.9,4,stochastic,static,5,24.50,19,0.0000,0.7715
hebbian,0.9,4,stochastic,dynamic,5,24.88,19,0.0002,0.6462
hebbian,0.97,32,,,5,67.34,60,0.0000,0.0000
hebbian,0.97,8,nearest,static,5,67.53,60,0.0000,0.2044
hebbian,0.97,8,nearest,dynamic,5,67.59,60,0.0001,0.1288
hebbian,0.97,8,stochastic,static,5,67.50,60,0.0000,0.1961
hebbian,0.97,8,stochastic,dynamic,5,67.53,60,0.0001,0.1248
hebbian,0.97,4,nearest,static,5,155.22,142,0.0002,0.9449
hebbian,0.97,4,nearest,dynamic,5,118.44,111,0.0002,0.9043
hebbian,0.97,4,stochastic,static,5,60.69,54,0.0001,0.8423
hebbian,0.97,4,stochastic,dynamic,5,61.19,54,0.0002,0.8237
hebbian,0.99,32,,,5,160.81,147,0.0000,0.0000
hebbian,0.99,8,nearest,static,5,166.03,151,0.0000,0.2997
hebbian,0.99,8,nearest,dynamic,5,160.78,148,0.0001,0.1945
hebbian,0.99,8,stochastic,static,5,160.16,147,0.0000,0.2781
hebbian,0.99,8,stochastic,dynamic,5,160.25,148,0.0001,0.1861
hebbian,0.99,4,nearest,static,5,218.28,153,0.0012,0.9813
hebbian,0.99,4,nearest,dynamic,5,118.09,0,0.0002,0.9831
hebbian,0.99,4,stochastic,static,5,117.38,104,0.0033,0.8922
hebbian,0.99,4,stochastic,dynamic,5,84.09,64,0.0002,0.9212
hebbian,0.999,32,,,5,459.09,512,0.0000,0.0000
hebbian,0.999,8,nearest,static,5,461.94,512,0.0000,0.4915
hebbian,0.999,8,nearest,dynamic,5,458.38,512,0.0001,0.3219
hebbian,0.999,8,stochastic,static,5,452.41,512,0.0000,0.4516
hebbian,0.999,8,stochastic,dynamic,5,455.97,512,0.0001,0.3020
hebbian,0.999,4,nearest,static,5,25.84,0,0.0000,0.9996
hebbian,0.999,4,nearest,dynamic,5,64.38,0,0.0002,0.9889
hebbian,0.999,4,stochastic,static,5,96.47,0,0.0273,0.9511
hebbian,0.999,4,stochastic,dynamic,5,31.31,0,0.0002,0.9555
hebbian,1.0,32,,,5,478.75,512,0.0000,0.0000
hebbian,1.0,8,nearest,static,5,474.44,512,0.0000,0.5567
hebbian,1.0,8,nearest,dynamic,5,477.12,512,0.0001,0.3540
hebbian,1.0,8,stochastic,static,5,468.28,512,0.0000,0.5088
hebbian,1.0,8,stochastic,dynamic,5,475.38,512,0.0001,0.3306
hebbian,1.0,4,nearest,static,5,14.62,0,0.0000,0.9999
hebbian,1.0,4,nearest,dynamic,5,61.34,0,0.0002,0.9893
hebbian,1.0,4,stochastic,static,5,69.59,0,0.0357,0.9615
hebbian,1.0,4,stochastic,dynamic,5,30.62,0,0.0002,0.9581
delta,0.9,32,,,5,23.25,18,0.0000,0.0000
delta,0.9,8,nearest,static,5,23.12,18,0.0000,0.1251
delta,0.9,8,nearest,dynamic,5,23.12,18,0.0001,0.0740
delta,0.9,8,stochastic,static,5,23.22,17,0.0000,0.1235
delta,0.9,8,stochastic,dynamic,5,23.28,18,0.0001,0.0726
delta,0.9,4,nearest,static,5,40.19,34,0.0000,0.8770
delta,0.9,4,nearest,dynamic,5,26.53,21,0.0002,0.7054
delta,0.9,4,stochastic,static,5,22.72,17,0.0000,0.7682
delta,0.9,4,stochastic,dynamic,5,23.41,18,0.0002,0.6343
delta,0.97,32,,,5,55.44,49,0.0000,0.0000
delta,0.97,8,nearest,static,5,55.41,49,0.0000,0.1836
delta,0.97,8,nearest,dynamic,5,55.47,49,0.0001,0.1165
delta,0.97,8,stochastic,static,5,55.34,50,0.0000,0.1768
delta,0.97,8,stochastic,dynamic,5,55.50,50,0.0001,0.1130
delta,0.97,4,nearest,static,5,91.84,82,0.0001,0.9096
delta,0.97,4,nearest,dynamic,5,76.38,71,0.0002,0.8615
delta,0.97,4,stochastic,static,5,50.34,44,0.0001,0.8074
delta,0.97,4,stochastic,dynamic,5,50.56,44,0.0002,0.7854
delta,0.99,32,,,5,99.12,90,0.0000,0.0000
delta,0.99,8,nearest,static,5,100.94,92,0.0000,0.2604
delta,0.99,8,nearest,dynamic,5,99.19,91,0.0001,0.1565
delta,0.99,8,stochastic,static,5,99.00,89,0.0000,0.2429
delta,0.99,8,stochastic,dynamic,5,99.28,89,0.0001,0.1508
delta,0.99,4,nearest,static,5,132.62,118,0.0003,0.9464
delta,0.99,4,nearest,dynamic,5,132.44,114,0.0002,0.9450
delta,0.99,4,stochastic,static,5,76.88,67,0.0023,0.8334
delta,0.99,4,stochastic,dynamic,5,41.25,29,0.0002,0.8704
delta,0.999,32,,,5,153.81,132,0.0000,0.0000
delta,0.999,8,nearest,static,5,154.09,133,0.0000,0.3278
delta,0.999,8,nearest,dynamic,5,153.72,132,0.0001,0.1993
delta,0.999,8,stochastic,static,5,153.78,132,0.0000,0.3058
delta,0.999,8,stochastic,dynamic,5,153.72,132,0.0001,0.1901
delta,0.999,4,nearest,static,5,130.53,114,0.0000,0.9828
delta,0.999,4,nearest,dynamic,5,60.66,0,0.0001,0.9712
delta,0.999,4,stochastic,static,5,76.38,61,0.0204,0.8297
delta,0.999,4,stochastic,dynamic,5,2.00,0,0.0002,0.8840
delta,1.0,32,,,5,162.62,147,0.0000,0.0000
delta,1.0,8,nearest,static,5,161.16,147,0.0000,0.3448
delta,1.0,8,nearest,dynamic,5,161.66,147,0.0001,0.2066
delta,1.0,8,stochastic,static,5,161.47,147,0.0000,0.3205
delta,1.0,8,stochastic,dynamic,5,161.22,147,0.0001,0.1969
delta,1.0,4,nearest,static,5,114.09,87,0.0000,0.9900
delta,1.0,4,nearest,dynamic,5,56.47,0,0.0001,0.9728
delta,1.0,4,stochastic,static,5,70.53,54,0.0254,0.8287
delta,1.0,4,stochastic,dynamic,5,2.78,0,0.0002,0.8846
hebbian,0.9,32,,,6,25.56,20,0.0000,0.0000
hebbian,0.9,8,nearest,static,6,25.56,20,0.0000,0.1202
hebbian,0.9,8,nearest,dynamic,6,25.50,20,0.0001,0.0760
hebbian,0.9,8,stochastic,static,6,25.66,20,0.0000,0.1188
hebbian,0.9,8,stochastic,dynamic,6,25.59,20,0.0001,0.0746
hebbian,0.9,4,nearest,static,6,45.09,40,0.0000,0.8756
hebbian,0.9,4,nearest,dynamic,6,28.69,23,0.0002,0.7184
hebbian,0.9,4,stochastic,static,6,24.66,18,0.0000,0.7661
hebbian,0.9,4,stochastic,dynamic,6,25.41,19,0.0002,0.6461
hebbian,0.97,32,,,6,66.69,60,0.0000,0.0000
hebbian,0.97,8,nearest,static,6,66.69,59,0.0000,0.2048
hebbian,0.97,8,nearest,dynamic,6,66.66,60,0.0001,0.1283
hebbian,0.97,8,stochastic,static,6,66.91,60,0.0000,0.1966
hebbian,0.97,8,stochastic,dynamic,6,66.62,60,0.0001,0.1241
hebbian,0.97,4,nearest,static,6,153.84,137,0.0002,0.9456
hebbian,0.97,4,nearest,dynamic,6,119.06,108,0.0002,0.9039
hebbian,0.97,4,stochastic,static,6,60.28,53,0.0001,0.8430
hebbian,0.97,4,stochastic,dynamic,6,60.84,53,0.0002,0.8230
hebbian,0.99,32,,,6,161.09,150,0.0000,0.0000
hebbian,0.99,8,nearest,static,6,166.56,154,0.0000,0.3084
hebbian,0.99,8,nearest,dynamic,6,161.19,149,0.0001,0.1956
hebbian,0.99,8,stochastic,static,6,160.56,149,0.0000,0.2859
hebbian,0.99,8,stochastic,dynamic,6,161.78,149,0.0001,0.1866
hebbian,0.99,4,nearest,static,6,202.62,101,0.0008,0.9839
hebbian,0.99,4,nearest,dynamic,6,106.56,0,0.0002,0.9835
hebbian,0.99,4,stochastic,static,6,114.91,98,0.0028,0.8965
hebbian,0.99,4,stochastic,dynamic,6,81.94,69,0.0002,0.9216
hebbian,0.999,32,,,6,458.28,512,0.0000,0.0000
hebbian,0.999,8,nearest,static,6,460.34,512,0.0000,0.4868
hebbian,0.999,8,nearest,dynamic,6,457.03,512,0.0001,0.3244
hebbian,0.999,8,stochastic,static,6,452.06,512,0.0000,0.4476
hebbian,0.999,8,stochastic,dynamic,6,454.22,512,0.0001,0.3031
hebbian,0.999,4,nearest,static,6,27.78,0,0.0000,0.9995
hebbian,0.999,4,nearest,dynamic,6,59.56,0,0.0002,0.9889
hebbian,0.999,4,stochastic,static,6,94.00,0,0.0279,0.9503
hebbian,0.999,4,stochastic,dynamic,6,30.62,0,0.0002,0.9555
hebbian,1.0,32,,,6,479.69,512,0.0000,0.0000
hebbian,1.0,8,nearest,static,6,474.81,512,0.0000,0.5514
hebbian,1.0,8,nearest,dynamic,6,478.31,512,0.0001,0.3563
hebbian,1.0,8,stochastic,static,6,470.06,512,0.0000,0.5042
hebbian,1.0,8,stochastic,dynamic,6,475.72,512,0.0001,0.3308
hebbian,1.0,4,nearest,static,6,13.91,0,0.0000,0.9999
hebbian,1.0,4,nearest,dynamic,6,58.03,0,0.0002,0.9891
hebbian,1.0,4,stochastic,static,6,68.97,0,0.0365,0.9609
hebbian,1.0,4,stochastic,dynamic,6,29.91,0,0.0002,0.9583
delta,0.9,32,,,6,23.69,18,0.0000,0.0000
delta,0.9,8,nearest,static,6,23.72,18,0.0000,0.1167
delta,0.9,8,nearest,dynamic,6,23.75,18,0.0001,0.0736
delta,0.9,8,stochastic,static,6,23.81,18,0.0000,0.1154
delta,0.9,8,stochastic,dynamic,6,23.75,18,0.0001,0.0723
delta,0.9,4,nearest,static,6,38.91,33,0.0000,0.8619
delta,0.9,4,nearest,dynamic,6,26.59,21,0.0002,0.7054
delta,0.9,4,stochastic,static,6,22.88,17,0.0000,0.7550
delta,0.9,4,stochastic,dynamic,6,23.97,18,0.0002,0.6341
delta,0.97,32,,,6,55.53,48,0.0000,0.0000
delta,0.97,8,nearest,static,6,55.38,48,0.0000,0.1870
delta,0.97,8,nearest,dynamic,6,55.38,48,0.0001,0.1167
delta,0.97,8,stochastic,static,6,55.59,48,0.0000,0.1799
delta,0.97,8,stochastic,dynamic,6,55.53,48,0.0001,0.1130
delta,0.97,4,nearest,static,6,91.78,81,0.0001,0.9130
delta,0.97,4,nearest,dynamic,6,74.59,66,0.0002,0.8617
delta,0.97,4,stochastic,static,6,50.47,44,0.0001,0.8106
delta,0.97,4,stochastic,dynamic,6,51.19,44,0.0002,0.7853
delta,0.99,32,,,6,98.28,90,0.0000,0.0000
delta,0.99,8,nearest,static,6,99.19,90,0.0000,0.2459
delta,0.99,8,nearest,dynamic,6,98.53,87,0.0001,0.1565
delta,0.99,8,stochastic,static,6,98.03,87,0.0000,0.2298
delta,0.99,8,stochastic,dynamic,6,98.12,87,0.0001,0.1503
delta,0.99,4,nearest,static,6,130.84,121,0.0005,0.9366
delta,0.99,4,nearest,dynamic,6,131.94,115,0.0002,0.9448
delta,0.99,4,stochastic,static,6,78.38,67,0.0029,0.8250
delta,0.99,4,stochastic,dynamic,6,39.22,30,0.0002,0.8706
delta,0.999,32,,,6,153.78,139,0.0000,0.0000
delta,0.999,8,nearest,static,6,154.09,140,0.0000,0.3283
delta,0.999,8,nearest,dynamic,6,153.09,138,0.0001,0.1992
delta,0.999,8,stochastic,static,6,153.31,136,0.0000,0.3061
delta,0.999,8,stochastic,dynamic,6,154.00,139,0.0001,0.1901
delta,0.999,4,nearest,static,6,128.94,106,0.0000,0.9830
delta,0.999,4,nearest,dynamic,6,60.41,0,0.0001,0.9715
delta,0.999,4,stochastic,static,6,73.88,58,0.0203,0.8298
delta,0.999,4,stochastic,dynamic,6,1.97,0,0.0002,0.8840
delta,1.0,32,,,6,162.25,149,0.0000,0.0000
delta,1.0,8,nearest,static,6,161.94,149,0.0000,0.3513
delta,1.0,8,nearest,dynamic,6,162.16,149,0.0001,0.2063
delta,1.0,8,stochastic,static,6,161.59,149,0.0000,0.3262
delta,1.0,8,stochastic,dynamic,6,161.44,149,0.0001,0.1971
delta,1.0,4,nearest,static,6,107.00,81,0.0000,0.9917
delta,1.0,4,nearest,dynamic,6,56.47,0,0.0001,0.9724
delta,1.0,4,stochastic,static,6,66.19,51,0.0250,0.8299
delta,1.0,4,stochastic,dynamic,6,2.16,0,0.0002,0.8847
hebbian,0.9,32,,,7,25.44,20,0.0000,0.0000
hebbian,0.9,8,nearest,static,7,25.50,20,0.0000,0.1100
hebbian,0.9,8,nearest,dynamic,7,25.44,20,0.0001,0.0761
hebbian,0.9,8,stochastic,static,7,25.47,20,0.0000,0.1090
hebbian,0.9,8,stochastic,dynamic,7,25.50,20,0.0001,0.0747
hebbian,0.9,4,nearest,static,7,41.78,37,0.0000,0.8553
hebbian,0.9,4,nearest,dynamic,7,29.22,23,0.0002,0.7184
hebbian,0.9,4,stochastic,static,7,24.88,19,0.0000,0.7484
hebbian,0.9,4,stochastic,dynamic,7,25.06,19,0.0002,0.6457
hebbian,0.97,32,,,7,66.97,60,0.0000,0.0000
hebbian,0.97,8,nearest,static,7,66.91,60,0.0000,0.2021
hebbian,0.97,8,nearest,dynamic,7,67.00,60,0.0001,0.1280
hebbian,0.97,8,stochastic,static,7,67.06,60,0.0000,0.1941
hebbian,0.97,8,stochastic,dynamic,7,67.12,60,0.0001,0.1239
hebbian,0.97,4,nearest,static,7,156.47,139,0.0002,0.9438
hebbian,0.97,4,nearest,dynamic,7,117.75,105,0.0002,0.9040
hebbian,0.97,4,stochastic,static,7,60.47,52,0.0001,0.8410
hebbian,0.97,4,stochastic,dynamic,7,60.22,53,0.0002,0.8234
hebbian,0.99,32,,,7,161.75,151,0.0000,0.0000
hebbian,0.99,8,nearest,static,7,167.31,155,0.0000,0.3106
hebbian,0.99,8,nearest,dynamic,7,161.53,151,0.0001,0.1940
hebbian,0.99,8,stochastic,static,7,160.94,151,0.0000,0.2880
hebbian,0.99,8,stochastic,dynamic,7,161.06,151,0.0001,0.1855
hebbian,0.99,4,nearest,static,7,198.03,102,0.0007,0.9847
hebbian,0.99,4,nearest,dynamic,7,120.19,0,0.0002,0.9829
hebbian,0.99,4,stochastic,static,7,115.19,105,0.0027,0.8978
hebbian,0.99,4,stochastic,dynamic,7,83.59,69,0.0002,0.9210
hebbian,0.999,32,,,7,459.19,512,0.0000,0.0000
hebbian,0.999,8,nearest,static,7,461.47,512,0.0000,0.4909
hebbian,0.999,8,nearest,dynamic,7,458.41,512,0.0001,0.3225
hebbian,0.999,8,stochastic,static,7,453.16,512,0.0000,0.4513
hebbian,0.999,8,stochastic,dynamic,7,455.66,512,0.0001,0.3022
hebbian,0.999,4,nearest,static,7,26.16,0,0.0000,0.9996
hebbian,0.999,4,nearest,dynamic,7,60.59,0,0.0002,0.9889
hebbian,0.999,4,stochastic,static,7,95.06,0,0.0274,0.9512
hebbian,0.999,4,stochastic,dynamic,7,30.41,0,0.0002,0.9557
hebbian,1.0,32,,,7,481.25,512,0.0000,0.0000
hebbian,1.0,8,nearest,static,7,476.12,512,0.0000,0.5657
hebbian,1.0,8,nearest,dynamic,7,479.44,512,0.0001,0.3534
hebbian,1.0,8,stochastic,static,7,470.47,512,0.0000,0.5166
hebbian,1.0,8,stochastic,dynamic,7,477.22,512,0.0001,0.3301
hebbian,1.0,4,nearest,static,7,14.78,0,0.0000,1.0000
hebbian,1.0,4,nearest,dynamic,7,58.47,0,0.0002,0.9892
hebbian,1.0,4,stochastic,static,7,67.38,0,0.0341,0.9627
hebbian,1.0,4,stochastic,dynamic,7,27.91,0,0.0002,0.9584
delta,0.9,32,,,7,24.06,18,0.0000,0.0000
delta,0.9,8,nearest,static,7,24.06,18,0.0000,0.1110
delta,0.9,8,nearest,dynamic,7,24.12,18,0.0001,0.0739
delta,0.9,8,stochastic,static,7,24.06,18,0.0000,0.1099
delta,0.9,8,stochastic,dynamic,7,24.09,18,0.0001,0.0725
delta,0.9,4,nearest,static,7,37.41,32,0.0000,0.8503
delta,0.9,4,nearest,dynamic,7,27.03,21,0.0002,0.7051
delta,0.9,4,stochastic,static,7,23.56,18,0.0000,0.7449
delta,0.9,4,stochastic,dynamic,7,23.75,18,0.0002,0.6337
delta,0.97,32,,,7,54.44,48,0.0000,0.0000
delta,0.97,8,nearest,static,7,54.53,49,0.0000,0.1706
delta,0.97,8,nearest,dynamic,7,54.56,49,0.0001,0.1161
delta,0.97,8,stochastic,static,7,54.62,49,0.0000,0.1650
delta,0.97,8,stochastic,dynamic,7,54.75,49,0.0001,0.1127
delta,0.97,4,nearest,static,7,88.47,80,0.0001,0.8959
delta,0.97,4,nearest,dynamic,7,75.97,69,0.0002,0.8611
delta,0.97,4,stochastic,static,7,50.94,45,0.0002,0.7950
delta,0.97,4,stochastic,dynamic,7,50.84,45,0.0002,0.7847
delta,0.99,32,,,7,98.53,91,0.0000,0.0000
delta,0.99,8,nearest,static,7,100.34,92,0.0000,0.2590
delta,0.99,8,nearest,dynamic,7,98.94,91,0.0001,0.1568
delta,0.99,8,stochastic,static,7,98.84,92,0.0000,0.2417
delta,0.99,8,stochastic,dynamic,7,98.47,89,0.0001,0.1508
delta,0.99,4,nearest,static,7,132.88,118,0.0003,0.9459
delta,0.99,4,nearest,dynamic,7,132.09,112,0.0002,0.9449
delta,0.99,4,stochastic,static,7,75.38,65,0.0023,0.8329
delta,0.99,4,stochastic,dynamic,7,39.72,29,0.0002,0.8704
delta,0.999,32,,,7,153.56,140,0.0000,0.0000
delta,0.999,8,nearest,static,7,154.50,142,0.0000,0.3427
delta,0.999,8,nearest,dynamic,7,152.81,140,0.0001,0.1986
delta,0.999,8,stochastic,static,7,152.19,140,0.0000,0.3192
delta,0.999,8,stochastic,dynamic,7,153.03,140,0.0001,0.1894
delta,0.999,4,nearest,static,7,120.66,98,0.0000,0.9880
delta,0.999,4,nearest,dynamic,7,59.78,0,0.0001,0.9706
delta,0.999,4,stochastic,static,7,69.97,56,0.0195,0.8329
delta,0.999,4,stochastic,dynamic,7,2.00,0,0.0002,0.8843
delta,1.0,32,,,7,162.16,148,0.0000,0.0000
delta,1.0,8,nearest,static,7,161.03,151,0.0000,0.3525
delta,1.0,8,nearest,dynamic,7,161.94,151,0.0001,0.2054
delta,1.0,8,stochastic,static,7,160.47,147,0.0000,0.3274
delta,1.0,8,stochastic,dynamic,7,160.47,145,0.0001,0.1958
delta,1.0,4,nearest,static,7,106.94,80,0.0000,0.9921
delta,1.0,4,nearest,dynamic,7,54.56,0,0.0001,0.9722
delta,1.0,4,stochastic,static,7,65.84,50,0.0251,0.8302
delta,1.0,4,stochastic,dynamic,7,2.41,0,0.0002,0.8848
hebbian,0.9,32,,,8,25.31,20,0.0000,0.0000
hebbian,0.9,8,nearest,static,8,25.34,20,0.0000,0.1155
hebbian,0.9,8,nearest,dynamic,8,25.38,20,0.0001,0.0759
hebbian,0.9,8,stochastic,static,8,25.41,20,0.0000,0.1143
hebbian,0.9,8,stochastic,dynamic,8,25.34,20,0.0001,0.0745
hebbian,0.9,4,nearest,static,8,43.91,37,0.0000,0.8666
hebbian,0.9,4,nearest,dynamic,8,28.50,23,0.0002,0.7181
hebbian,0.9,4,stochastic,static,8,24.16,19,0.0000,0.7583
hebbian,0.9,4,stochastic,dynamic,8,24.84,19,0.0002,0.6459
hebbian,0.97,32,,,8,67.25,62,0.0000,0.0000
hebbian,0.97,8,nearest,static,8,67.56,63,0.0000,0.1899
hebbian,0.97,8,nearest,dynamic,8,67.62,63,0.0001,0.1274
hebbian,0.97,8,stochastic,static,8,67.09,63,0.0000,0.1831
hebbian,0.97,8,stochastic,dynamic,8,67.25,62,0.0001,0.1234
hebbian,0.97,4,nearest,static,8,146.22,132,0.0004,0.9339
hebbian,0.97,4,nearest,dynamic,8,116.53,109,0.0002,0.9031
hebbian,0.97,4,stochastic,static,8,60.62,52,0.0002,0.8308
hebbian,0.97,4,stochastic,dynamic,8,61.00,52,0.0002,0.8229
hebbian,0.99,32,,,8,160.03,144,0.0000,0.0000
hebbian,0.99,8,nearest,static,8,166.28,157,0.0000,0.3127
hebbian,0.99,8,nearest,dynamic,8,160.19,144,0.0001,0.1932
hebbian,0.99,8,stochastic,static,8,159.44,144,0.0000,0.2899
hebbian,0.99,8,stochastic,dynamic,8,159.59,144,0.0001,0.1846
hebbian,0.99,4,nearest,static,8,188.25,54,0.0006,0.9853
hebbian,0.99,4,nearest,dynamic,8,113.09,0,0.0002,0.9832
hebbian,0.99,4,stochastic,static,8,113.44,101,0.0025,0.8988
hebbian,0.99,4,stochastic,dynamic,8,82.53,68,0.0002,0.9210
hebbian,0.999,32,,,8,458.94,512,0.0000,0.0000
hebbian,0.999,8,nearest,static,8,461.88,512,0.0000,0.4879
hebbian,0.999,8,nearest,dynamic,8,457.44,512,0.0001,0.3210
hebbian,0.999,8,stochastic,static,8,452.84,512,0.0000,0.4484
hebbian,0.999,8,stochastic,dynamic,8,456.72,512,0.0001,0.3003
hebbian,0.999,4,nearest,static,8,25.31,0,0.0000,0.9996
hebbian,0.999,4,nearest,dynamic,8,64.50,0,0.0002,0.9885
hebbian,0.999,4,stochastic,static,8,96.50,0,0.0277,0.9506
hebbian,0.999,4,stochastic,dynamic,8,29.88,0,0.0002,0.9552
hebbian,1.0,32,,,8,477.75,512,0.0000,0.0000
hebbian,1.0,8,nearest,static,8,472.94,512,0.0000,0.5550
hebbian,1.0,8,nearest,dynamic,8,475.91,512,0.0001,0.3538
hebbian,1.0,8,stochastic,static,8,467.50,512,0.0000,0.5072
hebbian,1.0,8,stochastic,dynamic,8,474.47,512,0.0001,0.3282
hebbian,1.0,4,nearest,static,8,14.25,0,0.0000,0.9999
hebbian,1.0,4,nearest,dynamic,8,61.31,0,0.0002,0.9888
hebbian,1.0,4,stochastic,static,8,67.66,0,0.0360,0.9613
hebbian,1.0,4,stochastic,dynamic,8,29.38,0,0.0002,0.9580
delta,0.9,32,,,8,23.66,18,0.0000,0.0000
delta,0.9,8,nearest,static,8,23.69,18,0.0000,0.1105
delta,0.9,8,nearest,dynamic,8,23.62,18,0.0001,0.0736
delta,0.9,8,stochastic,static,8,23.78,18,0.0000,0.1094
delta,0.9,8,stochastic,dynamic,8,23.75,18,0.0001,0.0723
delta,0.9,4,nearest,static,8,37.00,31,0.0000,0.8490
delta,0.9,4,nearest,dynamic,8,26.53,21,0.0002,0.7050
delta,0.9,4,stochastic,static,8,22.62,17,0.0000,0.7439
delta,0.9,4,stochastic,dynamic,8,23.25,18,0.0002,0.6336
delta,0.97,32,,,8,54.03,48,0.0000,0.0000
delta,0.97,8,nearest,static,8,53.75,48,0.0000,0.1840
delta,0.97,8,nearest,dynamic,8,54.09,48,0.0001,0.1158
delta,0.97,8,stochastic,static,8,54.09,48,0.0000,0.1772
delta,0.97,8,stochastic,dynamic,8,54.00,48,0.0001,0.1125
delta,0.97,4,nearest,static,8,91.81,81,0.0001,0.9101
delta,0.97,4,nearest,dynamic,8,75.91,69,0.0002,0.8616
delta,0.97,4,stochastic,static,8,51.09,44,0.0001,0.8079
delta,0.97,4,stochastic,dynamic,8,50.84,45,0.0002,0.7847
delta,0.99,32,,,8,98.25,91,0.0000,0.0000
delta,0.99,8,nearest,static,8,99.19,92,0.0000,0.2448
delta,0.99,8,nearest,dynamic,8,97.97,91,0.0001,0.1554
delta,0.99,8,stochastic,static,8,98.16,91,0.0000,0.2289
delta,0.99,8,stochastic,dynamic,8,98.19,92,0.0001,0.1495
delta,0.99,4,nearest,static,8,129.84,117,0.0006,0.9358
delta,0.99,4,nearest,dynamic,8,131.81,113,0.0002,0.9444
delta,0.99,4,stochastic,static,8,78.44,69,0.0030,0.8246
delta,0.99,4,stochastic,dynamic,8,40.59,29,0.0002,0.8707
delta,0.999,32,,,8,154.34,140,0.0000,0.0000
delta,0.999,8,nearest,static,8,155.09,139,0.0000,0.3062
delta,0.999,8,nearest,dynamic,8,153.94,138,0.0001,0.1994
delta,0.999,8,stochastic,static,8,153.62,138,0.0000,0.2862
delta,0.999,8,stochastic,dynamic,8,153.91,141,0.0001,0.1899
delta,0.999,4,nearest,static,8,134.22,118,0.0002,0.9734
delta,0.999,4,nearest,dynamic,8,55.94,0,0.0002,0.9712
delta,0.999,4,stochastic,static,8,79.88,64,0.0218,0.8244
delta,0.999,4,stochastic,dynamic,8,2.28,0,0.0002,0.8843
delta,1.0,32,,,8,163.09,144,0.0000,0.0000
delta,1.0,8,nearest,static,8,163.00,144,0.0000,0.3219
delta,1.0,8,nearest,dynamic,8,162.25,143,0.0001,0.2066
delta,1.0,8,stochastic,static,8,162.16,143,0.0000,0.3000
delta,1.0,8,stochastic,dynamic,8,162.81,144,0.0001,0.1970
delta,1.0,4,nearest,static,8,127.91,107,0.0000,0.9824
delta,1.0,4,nearest,dynamic,8,54.19,0,0.0001,0.9730
delta,1.0,4,stochastic,static,8,73.78,56,0.0268,0.8245
delta,1.0,4,stochastic,dynamic,8,2.19,0,0.0002,0.8849
hebbian,0.9,32,,,9,24.78,19,0.0000,0.0000
hebbian,0.9,8,nearest,static,9,24.88,19,0.0000,0.1166
hebbian,0.9,8,nearest,dynamic,9,24.78,19,0.0001,0.0750
hebbian,0.9,8,stochastic,static,9,24.78,19,0.0000,0.1154
hebbian,0.9,8,stochastic,dynamic,9,24.66,19,0.0001,0.0736
hebbian,0.9,4,nearest,static,9,44.16,39,0.0000,0.8694
hebbian,0.9,4,nearest,dynamic,9,28.53,23,0.0002,0.7160
hebbian,0.9,4,stochastic,static,9,24.09,18,0.0000,0.7606
hebbian,0.9,4,stochastic,dynamic,9,24.81,19,0.0002,0.6440
hebbian,0.97,32,,,9,66.34,59,0.0000,0.0000
hebbian,0.97,8,nearest,static,9,66.25,59,0.0000,0.1910
hebbian,0.97,8,nearest,dynamic,9,66.41,59,0.0001,0.1268
hebbian,0.97,8,stochastic,static,9,66.16,59,0.0000,0.1840
hebbian,0.97,8,stochastic,dynamic,9,66.16,59,0.0001,0.1228
hebbian,0.97,4,nearest,static,9,147.16,140,0.0004,0.9353
hebbian,0.97,4,nearest,dynamic,9,112.97,100,0.0002,0.9039
hebbian,0.97,4,stochastic,static,9,60.50,52,0.0002,0.8320
hebbian,0.97,4,stochastic,dynamic,9,59.84,52,0.0002,0.8226
hebbian,0.99,32,,,9,160.84,153,0.0000,0.0000
hebbian,0.99,8,nearest,static,9,165.31,157,0.0000,0.2951
hebbian,0.99,8,nearest,dynamic,9,161.09,156,0.0001,0.1924
hebbian,0.99,8,stochastic,static,9,160.81,153,0.0000,0.2742
hebbian,0.99,8,stochastic,dynamic,9,160.41,153,0.0001,0.1841
hebbian,0.99,4,nearest,static,9,223.78,189,0.0014,0.9807
hebbian,0.99,4,nearest,dynamic,9,113.75,0,0.0002,0.9831
hebbian,0.99,4,stochastic,static,9,115.69,106,0.0034,0.8909
hebbian,0.99,4,stochastic,dynamic,9,83.22,73,0.0002,0.9211
hebbian,0.999,32,,,9,462.19,512,0.0000,0.0000
hebbian,0.999,8,nearest,static,9,464.22,512,0.0000,0.5109
hebbian,0.999,8,nearest,dynamic,9,461.81,512,0.0001,0.3205
hebbian,0.999,8,stochastic,static,9,454.12,512,0.0000,0.4686
hebbian,0.999,8,stochastic,dynamic,9,458.66,512,0.0001,0.2996
hebbian,0.999,4,nearest,static,9,19.41,0,0.0000,0.9998
hebbian,0.999,4,nearest,dynamic,9,60.06,0,0.0002,0.9891
hebbian,0.999,4,stochastic,static,9,88.59,0,0.0240,0.9546
hebbian,0.999,4,stochastic,dynamic,9,31.31,0,0.0002,0.9555
hebbian,1.0,32,,,9,481.03,512,0.0000,0.0000
hebbian,1.0,8,nearest,static,9,476.25,512,0.0000,0.5685
hebbian,1.0,8,nearest,dynamic,9,479.12,512,0.0001,0.3540
hebbian,1.0,8,stochastic,static,9,469.31,512,0.0000,0.5188
hebbian,1.0,8,stochastic,dynamic,9,477.28,512,0.0001,0.3276
hebbian,1.0,4,nearest,static,9,11.94,0,0.0000,1.0000
hebbian,1.0,4,nearest,dynamic,9,57.69,0,0.0002,0.9894
hebbian,1.0,4,stochastic,static,9,67.69,0,0.0335,0.9631
hebbian,1.0,4,stochastic,dynamic,9,29.94,0,0.0002,0.9583
delta,0.9,32,,,9,23.50,18,0.0000,0.0000
delta,0.9,8,nearest,static,9,23.50,18,0.0000,0.1173
delta,0.9,8,nearest,dynamic,9,23.47,18,0.0001,0.0728
delta,0.9,8,stochastic,static,9,23.38,18,0.0000,0.1160
delta,0.9,8,stochastic,dynamic,9,23.44,18,0.0001,0.0715
delta,0.9,4,nearest,static,9,39.00,33,0.0000,0.8635
delta,0.9,4,nearest,dynamic,9,26.50,21,0.0002,0.7026
delta,0.9,4,stochastic,static,9,22.94,17,0.0000,0.7564
delta,0.9,4,stochastic,dynamic,9,23.19,18,0.0002,0.6321
delta,0.97,32,,,9,54.84,49,0.0000,0.0000
delta,0.97,8,nearest,static,9,54.69,49,0.0000,0.1775
delta,0.97,8,nearest,dynamic,9,55.00,49,0.0001,0.1157
delta,0.97,8,stochastic,static,9,55.00,49,0.0000,0.1713
delta,0.97,8,stochastic,dynamic,9,55.00,49,0.0001,0.1122
delta,0.97,4,nearest,static,9,89.19,78,0.0001,0.9039
delta,0.97,4,nearest,dynamic,9,75.66,69,0.0002,0.8604
delta,0.97,4,stochastic,static,9,50.50,44,0.0001,0.8023
delta,0.97,4,stochastic,dynamic,9,50.25,43,0.0002,0.7848
delta,0.99,32,,,9,98.56,91,0.0000,0.0000
delta,0.99,8,nearest,static,9,100.50,92,0.0000,0.2612
delta,0.99,8,nearest,dynamic,9,98.91,91,0.0001,0.1559
delta,0.99,8,stochastic,static,9,98.19,91,0.0000,0.2438
delta,0.99,8,stochastic,dynamic,9,98.44,91,0.0001,0.1499
delta,0.99,4,nearest,static,9,132.88,116,0.0003,0.9476
delta,0.99,4,nearest,dynamic,9,128.44,109,0.0002,0.9448
delta,0.99,4,stochastic,static,9,76.88,67,0.0022,0.8343
delta,0.99,4,stochastic,dynamic,9,40.00,31,0.0002,0.8704
delta,0.999,32,,,9,152.88,139,0.0000,0.0000
delta,0.999,8,nearest,static,9,153.06,139,0.0000,0.3236
delta,0.999,8,nearest,dynamic,9,152.34,139,0.0001,0.1990
delta,0.999,8,stochastic,static,9,152.38,139,0.0000,0.3020
delta,0.999,8,stochastic,dynamic,9,152.81,141,0.0001,0.1900
delta,0.999,4,nearest,static,9,130.16,107,0.0000,0.9813
delta,0.999,4,nearest,dynamic,9,59.25,0,0.0001,0.9710
delta,0.999,4,stochastic,static,9,75.62,63,0.0206,0.8290
delta,0.999,4,stochastic,dynamic,9,2.31,0,0.0002,0.8844
delta,1.0,32,,,9,161.53,144,0.0000,0.0000
delta,1.0,8,nearest,static,9,160.97,143,0.0000,0.3313
delta,1.0,8,nearest,dynamic,9,161.06,141,0.0001,0.2061
delta,1.0,8,stochastic,static,9,160.22,141,0.0000,0.3084
delta,1.0,8,stochastic,dynamic,9,160.84,143,0.0001,0.1966
delta,1.0,4,nearest,static,9,124.31,100,0.0000,0.9860
delta,1.0,4,nearest,dynamic,9,57.66,0,0.0001,0.9727
delta,1.0,4,stochastic,static,9,73.31,54,0.0262,0.8263
delta,1.0,4,stochastic,dynamic,9,2.00,0,0.0002,0.8849
